CustomerID,FirstName,LastName,Email,Phone,Address,City,State,Country,ZipCode,DateCreated
1,Cynthia,Taylor,matthewlara@hotmail.com,702-348-8587,"95237 Jeffrey Fords Suite 963, Chavezmouth, OK 49400",South Kimberly,Oklahoma,Vietnam,94616,2021-01-23
2,Stacey,Jones,vgarcia@collins-andrews.com,896.493.2815,"225 Arias Dam, South Allison, HI 49980",Ingramland,Louisiana,Denmark,75230,2024-01-17
3,Rachel,White,hicksbrittney@gmail.com,729.439.2637x9673,"10976 Perez Highway Suite 409, South Renee, CA 92418",Johnberg,Pennsylvania,Sierra Leone,76780,2023-09-18
4,Emily,Jones,emilysmith@davis.net,001-290-163-8915x21405,"33566 Cheryl Tunnel, Amandafurt, DE 89963",South Stephenfort,Connecticut,Bangladesh,95330,2020-10-02
5,Karen,Anderson,evargas@hansen-reed.net,+1-505-588-0036x6063,"035 John Plain, Juarezstad, ID 93876",East Willie,Michigan,Mauritania,86240,2021-10-12
6,Maria,Hernandez,halllisa@gmail.com,(330)042-1067x11893,"150 Russell Centers Apt. 330, Lake Ericview, AK 44310",Bateschester,Florida,Bosnia and Herzegovina,58420,2021-10-04
7,John,Campbell,richard48@yahoo.com,(276)389-8640,"2602 Marshall Forge, Oconnorstad, VA 73061",Joshuaburgh,Missouri,Cote d'Ivoire,99203,2024-04-05
8,Vanessa,Kline,morganmartin@yahoo.com,(484)794-2528x257,"15607 Todd Meadows, Lake Robertview, IA 89489",South Anthony,Maine,Solomon Islands,65415,2021-02-12
9,David,Hines,michellemurphy@hotmail.com,316-429-7871,"529 Courtney Crest Suite 740, Charleschester, MS 22101",East Gloriaberg,New Jersey,Syrian Arab Republic,44473,2023-04-06
10,Nicole,Mitchell,reyesdebra@yahoo.com,001-260-926-6454x750,"992 Michelle Garden Suite 547, Port Lauraborough, AZ 39859",Lake Jessicaburgh,Iowa,Nauru,90986,2020-03-02
11,Patricia,Roberts,edwardjohnson@reynolds.net,+1-785-779-7999x23482,"355 Susan Cliff, Evelynshire, NJ 54009",Wallerhaven,Michigan,Belize,44273,2022-11-10
12,Jeremiah,Atkins,jglenn@campbell.com,(716)879-4847,"13845 Johnson Corner Apt. 927, Snydermouth, UT 01273",Lake Jason,Arkansas,Cocos (Keeling) Islands,35538,2021-11-11
13,Emily,Mendoza,ellisonluke@yahoo.com,420.083.4375x6042,"835 Anne Wells Apt. 416, Davisborough, VA 05155",East Gary,Mississippi,Micronesia,21837,2020-06-29
14,Albert,Lowe,eric95@warren-scott.org,855.142.1632x747,"6228 Todd Stream Apt. 570, East Nathanstad, DC 72580",Travisbury,Nevada,Svalbard & Jan Mayen Islands,90167,2021-04-15
15,Sally,Moreno,benjamin75@walker.com,+1-658-656-0214,"858 Hill Course Apt. 016, Port Danielborough, FL 33145",Josestad,Massachusetts,Belgium,33862,2022-12-31
16,Brian,Ford,hallcrystal@hotmail.com,570-407-9789x9395,"424 Michael Center Apt. 735, Danielton, IN 98198",New Meganfurt,South Dakota,Malaysia,43365,2022-12-09
17,Breanna,Oliver,drodgers@hotmail.com,(777)405-3290x27724,"113 Wright Passage, Wilsonmouth, WI 65017",South Vincent,Arkansas,Dominica,65780,2020-07-12
18,Michael,Horton,floresdavid@yahoo.com,4019380338,"USCGC Collins, FPO AP 55092",Matthewsfurt,Arkansas,Spain,61688,2022-08-16
19,Elizabeth,Smith,bakerkristin@yahoo.com,(492)435-9112,"16245 Brandt Burg Suite 023, South Jeffrey, OH 21963",Port Melissaburgh,Hawaii,Canada,95671,2022-09-30
20,Joseph,Vasquez,smithtimothy@ward.com,055.010.0097,"9485 Shelby Knoll, Sototon, SD 36083",Jacksonmouth,Nevada,Lithuania,56947,2022-12-19
21,Justin,Harris,andrewyoung@christensen.biz,2815759780,"90028 Freeman Lights Suite 482, Markberg, VA 61214",North Christophermouth,Indiana,Congo,40549,2020-06-01
22,Javier,Lee,rhill@lopez-simmons.com,(928)434-8638,"916 Nicole Ridges Suite 904, Freemanmouth, SD 29066",Blackburnbury,New Jersey,Martinique,17646,2022-08-27
23,Nathan,Prince,elizabeth54@campbell.biz,782-387-9882x17901,"046 Rich Knolls, Goodmanport, WI 10740",Amystad,Delaware,Saint Martin,21340,2020-05-15
24,Larry,Pennington,jennifer33@yahoo.com,5038183804,"6229 Gibbs Court, Andersonport, CA 87534",Walshfort,Arkansas,Bosnia and Herzegovina,23586,2022-09-04
25,Ashley,Fry,tamaramurphy@gmail.com,234-545-1579x22414,"039 Ann Square Apt. 078, Leemouth, NY 97124",Jamietown,Massachusetts,Vietnam,41494,2023-08-22
26,Elijah,Murray,daviddelgado@strong.com,001-956-413-1877x3349,"1545 Kevin Gateway, Dickersonshire, AK 05396",New Scottville,Tennessee,Pitcairn Islands,84647,2022-09-27
27,Robert,Velasquez,nicolehernandez@yahoo.com,+1-062-900-0903x0792,"064 Mark Drive, Fosterberg, ME 75919",New Eric,Michigan,Aruba,41277,2020-01-20
28,Anthony,Fox,qrodriguez@gardner.org,001-270-324-2966,"42208 Pearson Shores Apt. 745, Duncanside, NY 16576",Port William,Florida,Hungary,99046,2020-01-14
29,Ashley,Reynolds,fpatel@burke.com,345.795.4008,"62761 Garcia Circles Suite 583, Lake Kellychester, NC 53713",Port Timothy,Utah,Austria,81509,2022-11-07
30,Gregory,Weiss,uescobar@mccormick-wood.com,(577)190-9149,"691 Thornton Station Suite 542, Eatonmouth, RI 32376",West Marystad,Alabama,Argentina,40401,2023-04-26
31,Nicole,Ramirez,gwillis@yahoo.com,7985987661,"9831 Patrick Radial Suite 383, Johnsonstad, IN 18250",Whiteheadmouth,Maine,Mexico,45909,2023-09-11
32,Jerry,James,castrokim@aguilar.biz,001-279-049-7413x786,"46296 Reed Loop Suite 517, Nelsonhaven, SD 65235",Heidibury,Arizona,Nepal,23328,2021-10-17
33,Katie,Mayo,david85@yahoo.com,(853)075-1686x97720,"3732 Johnson Summit, Nicholasmouth, CA 56130",East Mistyfurt,Colorado,India,65559,2023-04-20
34,Martin,Butler,ganderson@stone.com,+1-612-853-7812x86892,"598 Cynthia Mills Suite 573, West Jefferyborough, LA 10081",South Mirandaside,Minnesota,Russian Federation,12842,2022-10-05
35,Latoya,Miller,lisarojas@king.com,508-363-7445x426,"5786 Davis Circles Suite 688, Matthewfurt, MI 22584",Christianborough,Michigan,France,19691,2022-03-21
36,Alicia,Garcia,reeddavid@hotmail.com,281.603.4851x78046,"3735 Jesse Islands, Oscarport, TX 37032",South Kayla,Texas,Slovakia (Slovak Republic),37291,2022-05-14
37,Christopher,Farmer,eparker@jones-jacobs.net,+1-106-163-4750x1098,"231 Yang Port Suite 063, Rodneyburgh, MN 69785",Donnaville,South Dakota,Liechtenstein,19869,2023-01-28
38,Colleen,Hanson,xmurillo@gmail.com,014.197.4671,"36669 Chavez Oval Apt. 279, North Matthew, IN 11323",South Ryan,Louisiana,Tuvalu,69980,2024-01-09
39,Michael,Hernandez,jamesedwards@carrillo.net,001-048-809-7787x79689,"525 White Cove, Alexandertown, KY 64684",Sandersport,Wyoming,Gabon,55333,2022-01-17
40,Ryan,Hayes,heather25@yahoo.com,(605)725-1177,"972 White Key, Mooreville, NY 58012",West James,North Carolina,Philippines,34177,2021-02-04
41,James,Hanna,amber08@cruz-woods.com,+1-444-164-9351x03859,"7410 Peters Fords, Youngview, PA 63774",Port Amy,New Jersey,Argentina,72770,2023-11-22
42,Brenda,Ayala,taylormeredith@murphy.com,001-121-724-4640x394,"3506 Jacob Trail Apt. 283, Duaneside, OH 85933",Nicholsside,Vermont,Guatemala,34728,2024-05-26
43,Kyle,Garrett,melissa55@brown.org,359.945.9966,"645 Fuller Green Apt. 026, Nicholasside, PA 83616",Jacksonchester,Oregon,Maldives,72618,2023-05-05
44,Nichole,Taylor,belljennifer@porter.info,663.466.1293x094,"7859 Samantha Islands Apt. 974, Garrettfurt, DC 60654",North Jeremy,Hawaii,Ireland,67882,2024-02-17
45,Benjamin,Garza,terrancegarrison@norman.com,807-671-3744,"596 Fields Station, Andersonhaven, NE 16982",North Danielside,Kansas,Israel,49265,2021-08-03
46,Stacey,Pitts,terry05@carpenter.org,(140)090-3331x991,"70134 Cooper Heights Suite 320, Johnsonborough, IL 18482",North Thomasburgh,South Dakota,Azerbaijan,52776,2021-09-23
47,Elizabeth,Rangel,zkelley@gmail.com,214-415-3282,"284 Cardenas Orchard Suite 085, South Debra, MT 09619",New Marilyn,Minnesota,Rwanda,39512,2024-02-27
48,Todd,Miller,hschroeder@gmail.com,(558)415-8005x160,"79752 Maynard Rapids, West Stevenchester, TN 01248",New Joshua,California,Wallis and Futuna,40762,2021-01-06
49,Dustin,Mendoza,glenn02@long-morton.biz,562.999.6724x5710,"64124 Brian Square, East Cherylmouth, WY 46606",South Anthonymouth,New Mexico,Namibia,07275,2022-07-13
50,Mallory,Garcia,breannareed@herrera.com,802.992.4540x97979,"03754 Waller Trail, New Jamiestad, SC 92733",Johnsontown,Idaho,Albania,02579,2022-08-30
51,Maria,Reid,qsteele@mendoza.com,648.909.5120x8329,"26585 Carter Crossing Suite 388, East Diana, LA 56469",North Rebecca,Maine,Saint Kitts and Nevis,36433,2020-04-10
52,David,Hart,xmason@yahoo.com,001-035-138-1184x69525,"0129 Katie Mews Suite 842, East Nathantown, AK 92394",East Cindy,Kentucky,Saint Barthelemy,42555,2021-09-12
53,Randall,Alvarez,bridgeskarina@hotmail.com,056.305.2744x8282,"00261 Miller Falls, Kevinborough, KY 18822",North Brittney,Minnesota,Holy See (Vatican City State),46006,2022-10-23
54,Jared,Garza,fjohnson@gmail.com,8777102674,"58742 Fields Parks Apt. 922, Blakeport, MT 08390",Cunninghamshire,Mississippi,Tokelau,80146,2023-07-06
55,Adam,Andersen,amanda17@allen.com,328.267.1269x81236,"PSC 0170, Box 2349, APO AP 92611",Hickmanport,Massachusetts,Italy,05614,2022-07-18
56,Stephanie,Mcneil,jennifer22@ward-smith.net,180.594.9067x84005,"52812 Keith Vista, Jenniferside, WA 52415",New Nancy,North Carolina,Mali,37204,2021-04-23
57,Thomas,Caldwell,morgan76@williams-arnold.com,568-519-1130,"5972 Zachary Mountains Apt. 180, Nelsonberg, NM 46221",South Heatherburgh,Alaska,Italy,11160,2020-06-12
58,Arthur,Rivera,fostermegan@hotmail.com,(367)383-3129x96149,"64763 Ariel Dam Apt. 097, East Kenneth, ND 35507",Port Alisha,Oklahoma,Sri Lanka,41451,2021-07-29
59,Mark,Miranda,jjohnson@williams-hester.com,8458044520,"4338 Mcneil Locks, Brandonport, AR 24468",South Brandontown,Virginia,Guinea-Bissau,86628,2024-02-26
60,Laura,Gonzalez,smithamy@barton.info,+1-076-666-5127x42857,"PSC 0874, Box 6242, APO AA 51867",South Robertberg,Colorado,Maldives,06020,2020-05-26
61,David,Jones,katelynrivera@kelly.com,171-799-1322x276,"971 Erin Expressway Apt. 668, Port Lisamouth, ME 04719",Michaelmouth,Nebraska,Vietnam,54868,2022-05-26
62,Rachel,Koch,andersonrichard@hotmail.com,001-872-572-9248,"49378 Christopher Place, North Alyssachester, NE 99312",Natashachester,West Virginia,Swaziland,73314,2021-08-25
63,Parker,James,paulhansen@hotmail.com,612.831.2921x561,"5525 Teresa Hill Apt. 655, Lake Victoriamouth, VT 97663",Blackside,Rhode Island,Ethiopia,35633,2022-07-15
64,Chloe,Richards,johnsmith@gmail.com,1735678446,"3259 Samuel Creek Suite 427, New Rachelside, VT 56361",New Kathleenmouth,Massachusetts,Saint Kitts and Nevis,31712,2021-01-13
65,Randall,Morrison,schwartzelizabeth@le-garcia.biz,423-916-7991x6510,"3707 Barajas Estate Apt. 714, Sarahfort, NE 11031",New Allisonstad,Indiana,San Marino,72817,2020-10-05
66,Karina,Powers,robinsonomar@hotmail.com,+1-057-695-5720x54564,"5293 Thomas Ferry Suite 375, Brennanborough, NJ 92061",Bensonside,Kansas,Central African Republic,99585,2020-01-25
67,Steven,Harris,tammie08@yahoo.com,+1-619-756-5775x4630,"36755 Brown Station, Lauriemouth, MI 52609",New Lisaland,Washington,Niger,65118,2023-04-16
68,Jake,Martinez,johnbennett@dixon.com,+1-484-263-2638x9483,"38460 Rollins Trafficway, West Jasonshire, MN 67658",New Michael,New York,Djibouti,03569,2022-05-14
69,Manuel,Alexander,ttran@peterson.biz,283.909.7443x7931,"9189 Chapman Rest, Lake Patriciashire, NY 24964",East William,New Mexico,Netherlands Antilles,46877,2021-01-20
70,Alexis,Mccann,perezwilliam@hotmail.com,7748345045,"494 Gonzalez Harbor Suite 309, Loganside, NH 93852",Shawnfurt,Nevada,Algeria,77742,2022-11-12
71,Julian,Snyder,tamara60@hotmail.com,001-207-271-8596,"111 Johnson Mountains, Sandraton, KY 43359",Marshalltown,Pennsylvania,Iceland,34371,2022-06-23
72,Melissa,Jones,gregorymichael@hotmail.com,(566)009-0391,"53928 Gross Points Apt. 772, Port Aprilland, AL 20479",New Benjaminland,Oklahoma,Zimbabwe,37670,2023-06-15
73,Chad,Bridges,robersonmiranda@sanchez.com,0781750062,"PSC 3948, Box 4418, APO AA 77988",Lake Donna,Wisconsin,Mongolia,24539,2023-04-26
74,Lauren,Vasquez,brandtleah@hotmail.com,993.007.4608x011,"59661 Melanie Isle, Traceyview, FL 03591",Malikchester,North Carolina,Suriname,68961,2021-03-05
75,Donald,Burns,brownjenny@yahoo.com,+1-599-824-7790x4017,"142 Krista Roads Suite 609, Hansenshire, KY 07264",North Markport,Florida,Nauru,49280,2020-04-07
76,Bradley,Mitchell,harmongregory@hotmail.com,+1-087-294-7872x879,"361 Moore Manor, Bridgetshire, OH 10326",Briannaport,Georgia,Antarctica (the territory South of 60 deg S),83767,2021-01-16
77,Rebecca,Medina,ortegacheryl@campbell.com,542-033-7608,"62584 Williams Place, South Matthew, VA 67003",South Jennifer,Maryland,Saint Barthelemy,88055,2023-05-08
78,Gregory,Welch,david39@black-terry.biz,+1-234-648-5241x13647,"727 Angela Harbors Apt. 691, New Mariah, IL 46755",Williamsville,Maine,Sri Lanka,07572,2023-03-03
79,Richard,Mcdaniel,stephanieholmes@mclaughlin.com,5737656906,"997 Taylor Mount, Millston, TX 37682",Ashleyhaven,Nevada,Costa Rica,93412,2022-04-27
80,Jennifer,Cox,felicia36@miranda.com,099-484-1298x0951,"82804 Rivera Drives Suite 940, Mckayland, CO 48168",South Tonya,New Mexico,Ecuador,07597,2022-04-11
81,Jill,Richardson,mariacurtis@steele.com,(988)618-6624x93278,"272 Henderson Estates Suite 216, Port Samantha, NH 54720",East Danielton,New Jersey,Jamaica,01095,2023-09-27
82,Steven,Lopez,sgibson@gmail.com,+1-209-205-5278,"583 Lopez Park, Donnaberg, NJ 21190",Grahamshire,Indiana,Sudan,42831,2022-10-07
83,Timothy,Lopez,leslie55@jones.com,347-698-9090x205,"183 Wilson Plaza, Underwoodstad, UT 80746",South Richard,Ohio,Mauritania,81822,2020-04-14
84,Nathan,Gonzalez,johnsonbrian@yahoo.com,+1-240-128-9209x9749,"USS Cochran, FPO AE 56696",Gonzalezburgh,Montana,French Guiana,75262,2020-12-10
85,Mark,Herrera,ljones@gmail.com,699-595-8166x004,"62340 Rebecca Lakes Apt. 621, West Kennethton, RI 53866",North Ashley,Colorado,El Salvador,91482,2023-05-07
86,Adam,Oneal,ericalee@gmail.com,009.269.1136,"61174 Thomas Pass Apt. 597, Larsonland, MN 08604",Samanthaport,South Carolina,Iceland,31328,2022-03-19
87,Kimberly,Carr,johnbeck@romero.net,585.026.7216x17393,"77580 Kirk Freeway, West Toddburgh, CT 84854",West Donnafurt,Louisiana,Isle of Man,76168,2020-12-17
88,Jessica,Carney,ggarner@yahoo.com,001-388-270-0644,"7117 Carlos Ports Apt. 136, Conleyfurt, MI 85060",West Eddieborough,Pennsylvania,Philippines,79182,2024-02-29
89,Luis,Paul,stanleyrobert@gross-williams.com,330-098-6778,"9920 Sarah Burgs Apt. 504, Kevinside, VT 74123",North Gregoryshire,Michigan,Estonia,67002,2020-06-05
90,Brian,Delacruz,james45@franklin.com,001-799-439-8794x50829,"6111 Moore Flats, West Charleshaven, VT 88107",South Jenniferberg,Arizona,Brunei Darussalam,79075,2020-05-01
91,Christian,Jones,randy94@hotmail.com,+1-410-043-2968x541,"09265 Paul Lake Suite 180, Wilsonfort, WY 84260",Chambersside,Oklahoma,Maldives,40314,2021-07-04
92,Jason,Merritt,richard30@gmail.com,(739)085-2989,"Unit 2781 Box 7094, DPO AA 31615",New Susanport,Alaska,Wallis and Futuna,54038,2020-04-28
93,Andrew,Miller,erin79@hotmail.com,286.372.2992x7944,"86356 Anna Crescent Apt. 965, North Erinberg, ND 02934",Lauriebury,Virginia,Montserrat,72017,2021-04-02
94,Michael,White,byoung@hotmail.com,001-199-025-7310x510,"7762 Paul Branch, Nicholastown, MI 32368",Joshuastad,Illinois,Qatar,63944,2022-04-14
95,Christopher,Bryant,fisherjacqueline@hotmail.com,373.901.2038x9460,"11314 Karen Station Suite 739, New Gregory, MD 68758",Lake Jeffery,Maine,Burkina Faso,95259,2023-01-21
96,Jessica,Wallace,rachel63@hotmail.com,323.007.0907,"652 Smith Via, Mirandamouth, WA 59008",Port Justin,California,Moldova,15071,2023-05-19
97,John,Estrada,heatherthompson@simmons.org,7056434644,"8889 Jamie Rue Suite 142, Davidfort, NE 73263",Jeanneton,Maryland,Saint Pierre and Miquelon,38599,2023-01-23
98,David,Simpson,davewagner@ramirez-carlson.com,+1-712-572-5743x737,"3820 Kristen Mission Apt. 119, Smallmouth, AL 28709",South Curtisport,New Jersey,Tunisia,96869,2020-11-08
99,Richard,Walker,tylerfinley@armstrong.com,(078)964-3506,"549 Eric Estate, Lake Danielletown, AR 55110",New Manuelview,New York,Canada,71501,2020-02-07
100,Kimberly,Williams,tharvey@gmail.com,607.186.3530x77838,"USNV Smith, FPO AP 90336",Molinaville,Massachusetts,South Africa,33812,2022-11-18
101,Megan,Freeman,tclark@yahoo.com,100.627.1929,"1674 Haynes Ridge, North Seanbury, CT 25471",North Joshuashire,Maryland,Christmas Island,84756,2020-07-31
102,Donald,Fuller,brittney22@villanueva.com,(440)040-6548x53090,"7416 Maynard Well Suite 300, West Steven, VT 91173",Port Albert,Nebraska,New Caledonia,54449,2022-11-11
103,Carolyn,Hamilton,kaitlynsparks@jenkins-bell.com,+1-240-782-7586x313,"499 Hunter Fields, Donaldmouth, NV 73017",West Vanessa,Nebraska,Montserrat,00713,2022-11-10
104,Yvonne,Ray,mike89@hicks-banks.com,001-458-157-9736x547,"20084 Bianca Tunnel, Guerreroview, MI 04652",Curtisborough,Washington,Kenya,43671,2020-10-29
105,Phillip,Hernandez,lisaaguirre@harrison.com,001-507-926-9450,"78880 Scott Loop Suite 736, Millsbury, RI 16106",Lake Henry,Connecticut,Mozambique,44649,2021-03-07
106,Kelsey,Jenkins,tlewis@gmail.com,056-511-5933x01857,"3923 Karen Stream, Bethanymouth, IL 39989",Port Steven,Washington,American Samoa,64227,2021-11-09
107,Deborah,Adams,ncoleman@robinson.info,0624475670,"441 Jeremy Terrace, Jenniferton, MA 44805",East Catherinemouth,Wyoming,Montenegro,96698,2022-06-30
108,Nicholas,Campbell,martindonald@gmail.com,(774)724-9307,"4570 Stacie Cove Apt. 927, Lake Brooke, GA 06672",Dianaside,New Hampshire,Tokelau,52469,2023-04-29
109,Frederick,Bailey,zmaynard@hotmail.com,001-763-049-5957x1255,"6454 Lucas Roads Apt. 842, North Jasonstad, SD 20171",North Jason,Indiana,Chad,21740,2023-12-19
110,Kim,Jarvis,nray@wright-wagner.com,380.396.2876,"50087 Paula Estates Apt. 033, East Christopher, VT 71311",Webbfort,Maine,United States Virgin Islands,12434,2024-03-15
111,Denise,Johnson,richardmartin@finley.info,431.800.9627,"146 Walton Underpass Suite 479, East Shawnland, VA 71940",New Williambury,South Carolina,Saint Barthelemy,76692,2021-05-10
112,Olivia,Dickson,kingsheryl@yahoo.com,(840)397-8528x52269,"4812 Liu Prairie Suite 106, Stacychester, NY 93989",Carolchester,Maryland,Jersey,06743,2020-11-19
113,Caitlin,Glass,davisjasmine@gmail.com,(249)345-0563x127,"Unit 6060 Box 8924, DPO AA 07964",East Lisa,Minnesota,Dominican Republic,18361,2023-08-08
114,Joseph,Underwood,julie17@arnold.com,(194)316-2699x000,"445 Marissa Route, Josephburgh, OH 22467",New Davidmouth,New Hampshire,Ethiopia,46868,2021-09-09
115,Stephanie,Lindsey,bradleyangela@mckinney-walker.biz,412-656-2805x66035,"219 Kirk Ranch Apt. 869, Lake Melissa, WI 44437",Thomaston,Texas,Bhutan,95767,2021-02-15
116,George,Young,rgardner@hotmail.com,001-687-298-5287x590,"495 Michelle Island, Matthewside, MN 23896",West Peterhaven,Missouri,Timor-Leste,53408,2020-12-06
117,Timothy,Ewing,watkinsjose@gmail.com,+1-111-063-5198x23991,"53652 Ashley Port, South Pedro, IN 52263",South Kenneth,Texas,Tanzania,52958,2024-02-14
118,Rebecca,Bennett,curryjohn@gmail.com,+1-728-227-6601x456,"365 Sheppard Club Apt. 846, West Johnland, AK 58671",East Jackbury,South Carolina,Tuvalu,66904,2024-02-03
119,Stephanie,Le,hamptonbrian@gmail.com,+1-462-491-8203x546,"0081 Davis Islands Suite 218, Lake Ericmouth, MN 50580",West Kellystad,Colorado,French Southern Territories,35650,2024-05-27
120,Martin,Caldwell,iboyd@hotmail.com,061-337-4365,"9745 Stewart Islands Suite 331, North Rileyburgh, WI 20434",New Paulborough,North Carolina,Brazil,68379,2021-11-17
121,Priscilla,Wiggins,ryan23@hotmail.com,9578875879,"174 Travis Rest, East Jessicaview, AK 62104",Port Crystalshire,Arizona,Slovenia,17057,2021-08-23
122,Megan,Raymond,brianmoore@hayes.com,925-275-3313,"67299 Thomas Via, North Steve, NE 28618",Brookstown,Arkansas,Nicaragua,45122,2024-06-02
123,Kevin,Gordon,carolyn45@cohen.net,6159692872,"76033 Sexton Mill, North Anna, AK 88908",North Michele,Montana,Liechtenstein,38923,2020-04-15
124,Leslie,Gregory,sherifranco@rodriguez-haynes.org,001-254-836-7257x98398,"0209 Cannon Garden, Carlosborough, ME 82529",Smithstad,Tennessee,Svalbard & Jan Mayen Islands,38093,2021-07-25
125,Curtis,Lynn,justinlawrence@davis.com,(361)062-1672,"5329 Monica Pike, Pamelafort, OK 39557",Santiagomouth,Idaho,Macedonia,02557,2023-07-25
126,Sean,Simon,phillip06@gmail.com,001-236-076-5157x90307,"PSC 4057, Box 9694, APO AP 95285",Lucasmouth,New Hampshire,Haiti,96498,2021-12-24
127,Shane,Taylor,angela37@davis.biz,545.820.7431x50667,"PSC 9757, Box 9131, APO AA 37654",Alyssabury,North Carolina,Japan,93447,2021-04-08
128,John,Gonzalez,john46@wolf-mitchell.com,(154)589-3306x788,"023 John Bridge Suite 121, Yorkville, SD 39797",Davisport,New Mexico,Mozambique,65615,2021-06-30
129,Adam,Sanders,tsweeney@powell.net,548-179-8325,"54040 Lopez Ways, West Shannon, IN 18803",Coryton,Hawaii,Bolivia,89967,2022-11-04
130,Diane,Rollins,pwilliams@gmail.com,144-683-6492,"4869 John Knoll, Ramireztown, MT 75083",Jessicamouth,Iowa,Azerbaijan,74339,2021-12-30
131,Matthew,Anthony,gtaylor@gmail.com,(894)271-2514,"67523 Mcdowell Place, Odomville, MI 71599",West Richardton,Georgia,Zimbabwe,71611,2023-05-12
132,Lauren,Shelton,aaronparker@brown.com,496-894-6866x6881,"0223 Larry Pines, Port Ronnie, OK 54020",Wilsonstad,Iowa,Tanzania,26012,2022-12-19
133,Isaac,Warren,karengillespie@gmail.com,491.219.9727x746,"415 Montgomery Circle, East Matthew, KY 59173",South Lindseymouth,Connecticut,San Marino,11280,2022-09-01
134,Chelsea,Jordan,john69@yahoo.com,001-327-237-0970,"079 Kathryn Ridge, Lake Mary, TN 80116",Knoxtown,Rhode Island,Swaziland,91293,2021-12-07
135,Wyatt,Lara,ashley86@hotmail.com,926.079.1116,"5964 Erica Trace, Lake Christopher, CA 18577",Lake Caitlyn,Hawaii,Grenada,06849,2020-12-14
136,Amanda,Thomas,moralesrebecca@mcbride.com,001-766-681-6690x5224,"Unit 6956 Box 7140, DPO AP 40114",Patrickborough,Alabama,Djibouti,35409,2022-03-11
137,Shelly,Smith,trevor52@yahoo.com,(417)197-4443,"1906 Kathleen Falls Suite 271, Lake Jason, ME 61607",Jessicaview,New York,Libyan Arab Jamahiriya,58155,2020-08-08
138,Thomas,James,lisa06@smith-paul.com,(671)587-2595x70869,"58978 Buckley Lock Suite 489, Ernestport, MN 53527",Thomaston,Rhode Island,Venezuela,45536,2020-03-05
139,Sarah,Torres,benjamin63@hotmail.com,807.543.0956x950,"232 Anthony Overpass, Lake Stevenhaven, MI 57675",East Stephen,Massachusetts,Sao Tome and Principe,74941,2021-06-30
140,Ricardo,Wells,xsmith@mitchell-webb.com,+1-970-984-2465x173,"5721 Jones Trail Apt. 033, West Dwaynebury, TX 80527",East Suzanne,Maine,Nicaragua,98475,2020-06-28
141,Chad,Mckenzie,claudia24@clark-clark.com,686-557-4456,"454 William Plaza Suite 311, Laurentown, HI 73330",Samuelland,Mississippi,United States Minor Outlying Islands,75490,2023-11-14
142,Scott,Hall,kanthony@ward.com,+1-814-156-2854x05946,"07898 Blankenship Hill Apt. 662, South Tiffanytown, MI 57671",Kelleyton,Alabama,Turks and Caicos Islands,76010,2023-06-10
143,Nicole,Mitchell,qjames@smith.biz,001-213-712-5199x951,"5360 Ward Trace, West Darrenborough, HI 33914",Aliciachester,Maryland,Pakistan,51333,2020-11-17
144,Shaun,Mccann,daniel57@johnson-olson.org,920-414-0538,"052 Cooper Radial, Port Jessicachester, MO 54686",North Thomas,Missouri,Burundi,51882,2021-04-21
145,Ryan,Murphy,sabrinamoss@gmail.com,(844)142-8947x459,"6840 Cline Streets Apt. 112, Bennettton, NC 45518",Davidton,Oregon,Czech Republic,47115,2023-10-20
146,William,Tucker,joelmarsh@yahoo.com,298.834.4453,"69271 Houston Fort Apt. 538, New Erin, AR 92412",East Michaelland,Michigan,Palau,43856,2023-12-22
147,Jeffrey,Woods,garciajohn@hotmail.com,5006016985,"651 Gonzalez Views Apt. 712, Maryfurt, WI 99319",Robertsport,Louisiana,Saint Vincent and the Grenadines,21547,2022-10-15
148,Victoria,Gomez,charlesbeck@middleton-gonzalez.info,(698)233-8772x9276,"Unit 2058 Box 1743, DPO AA 43673",Jeffreystad,Colorado,Georgia,85579,2022-06-23
149,Jerry,Martin,catherinebooth@hotmail.com,8542124346,"4356 Black Falls Suite 571, Arnoldberg, ID 66677",New Robert,California,Germany,76503,2023-02-20
150,Christian,Grimes,gsmith@gmail.com,(042)596-5968,"536 Wesley Path Suite 476, Port Allisonbury, MO 45278",New Adrianborough,Alabama,Barbados,18385,2023-10-04
151,Cynthia,Delgado,morastephen@yahoo.com,4988428051,"USCGC Mcclain, FPO AE 89964",South Janet,North Carolina,Martinique,72380,2022-03-27
152,Donald,Martinez,wblackwell@nunez.com,5902941366,"707 Alvarado Loaf, West Mistyhaven, TN 42092",New Adam,Minnesota,Isle of Man,77150,2021-05-23
153,Miranda,Wallace,robert89@hotmail.com,685-111-5058x756,"2568 Alexander Valleys, Port Scott, CT 37465",Kimberlybury,Maryland,Sao Tome and Principe,37898,2021-05-28
154,Jason,Hanson,davidhinton@yahoo.com,001-193-006-9712x85156,"74503 Miller Village, Garcialand, LA 47257",West Rhondatown,Kansas,Madagascar,08139,2020-11-17
155,Melanie,Carter,mckinneybrett@valdez-rivera.biz,426.786.4824,"732 Parker Glen Suite 193, Campbellfurt, MI 18574",Angelafort,Nebraska,Benin,30218,2021-11-11
156,Joshua,Osborne,mphillips@davis.org,001-122-730-7977x66154,"76170 Graham Harbors, Suzanneport, NY 09362",South Gary,Arkansas,Pitcairn Islands,41425,2020-03-26
157,Michael,Blair,wrightpatrick@gmail.com,001-353-860-4303,"Unit 4159 Box 3772, DPO AA 63547",Hopkinsfurt,Delaware,Swaziland,15591,2023-01-16
158,Ann,Powell,sarah93@barnes-mullins.net,+1-458-306-3469,"735 Brewer Path Suite 184, East Michaelhaven, NM 11100",Bakerburgh,Delaware,Algeria,70039,2021-11-05
159,Matthew,Molina,gordonjohn@reed.info,+1-595-259-9261x82050,"255 Anthony Crest, Martinhaven, AR 42992",Port Amandachester,Montana,Ethiopia,05157,2022-06-20
160,John,Bennett,salazarjennifer@thompson.com,001-133-903-0206x56438,"USNV Maxwell, FPO AE 52642",Lake Melissaville,Alabama,Tajikistan,90241,2022-07-26
161,Susan,Matthews,rking@yahoo.com,001-983-757-7205x3614,"18879 Brandon Lodge, Lake Michelle, SD 01011",Jeffreyfort,Tennessee,Malaysia,63206,2020-01-01
162,Jonathan,Martin,jessicareid@bryan.com,5780990443,"93694 Russell Skyway, Lake Davidport, OH 20051",Port Regina,Nevada,Philippines,80063,2022-07-20
163,Courtney,Carpenter,daniel03@smith-anderson.com,+1-063-662-5794x03125,"395 Scott Pike, New Thomasborough, ND 58594",Pachecochester,Kentucky,United Kingdom,46048,2023-12-15
164,Gail,Blevins,fharrison@reynolds.com,1915747223,"922 Dana Highway, East Joshua, SC 29947",West Shellybury,Alabama,Netherlands,70235,2022-02-16
165,Joshua,Hubbard,john70@gmail.com,905-030-3750,"3639 Linda Ways, Hinesburgh, CT 07116",Jacquelinebury,Idaho,Jordan,52593,2022-12-22
166,Kimberly,Graham,lopezjon@gmail.com,(315)335-4722x26836,"8861 Perez Landing Suite 464, Robinsonburgh, ND 71523",Butlerhaven,North Carolina,India,53274,2021-01-15
167,Charles,Davidson,stacy90@evans-howell.org,001-433-660-0988x00332,"447 Miguel Roads Apt. 781, South Kristen, NC 67905",East Antonioport,Pennsylvania,Spain,89497,2020-07-17
168,Alyssa,Nelson,iayers@yahoo.com,7173926860,"Unit 7268 Box 4443, DPO AP 84791",East Kathleen,South Dakota,Saint Vincent and the Grenadines,70057,2023-01-10
169,Denise,Peters,ashley45@gmail.com,952.236.5440x1691,"15187 Jacob Corners, Davidmouth, MD 60295",Ortizburgh,Oklahoma,French Guiana,62677,2023-04-06
170,Sarah,Holloway,millerstacy@hotmail.com,(721)353-4903,"52286 Carlson Streets Apt. 187, Lake Rebecca, NM 10266",West Vanessaburgh,Utah,Heard Island and McDonald Islands,43257,2023-07-22
171,Morgan,Chung,nathan80@brown-craig.com,2073913993,"2930 Andrews Terrace Apt. 923, North Feliciamouth, OR 04406",Troyfurt,Nevada,Jordan,93240,2021-06-10
172,Melissa,Morrow,mlynn@hotmail.com,+1-056-418-9128,"Unit 0153 Box 2027, DPO AP 82543",Johnbury,Louisiana,Northern Mariana Islands,27603,2020-02-13
173,Brittany,Kim,xdixon@wilson.com,(307)870-4520x6564,"018 Gregory Road, North Jeremy, MT 19691",Batesbury,Wyoming,Syrian Arab Republic,81233,2020-02-27
174,Tony,Williams,kmonroe@kirby.net,+1-837-243-2184,"564 Schmidt Garden Apt. 146, East Colleen, ND 97659",Harristown,Idaho,Albania,46527,2020-04-29
175,Robert,Farrell,brian31@long.info,597-034-7787,"946 Christopher Islands Suite 283, Lake Wandaview, GA 93114",Lake Lori,Iowa,Guinea-Bissau,71185,2021-04-09
176,Matthew,Harrison,bennettrussell@paul.com,(535)749-7279x174,"71180 Jerry Bypass Suite 226, East Debra, OK 90017",Nathanbury,Nebraska,New Zealand,92759,2020-02-11
177,Kenneth,Gonzalez,sheilahobbs@kim.com,038-914-5050,"61360 Rogers Road, Richardton, ME 55410",North Theresa,Colorado,Tanzania,33185,2020-05-30
178,Brandi,Hammond,lpruitt@gmail.com,170.596.5575,"1547 Tracy Mill Apt. 615, West Melissafurt, CO 84427",South Russellmouth,Mississippi,Israel,59075,2022-06-15
179,Melissa,Rogers,fostermichael@ramirez.com,330.064.8941,"43536 Lopez Extensions, South Terri, CO 87851",Colemouth,Michigan,Kuwait,46867,2023-02-17
180,Megan,Mitchell,reneeayala@williams.org,481-541-1719x567,"6803 Gordon Island, East Kathy, NJ 58180",Marcusburgh,Pennsylvania,Isle of Man,21862,2020-05-08
181,Justin,Chan,qsimpson@sutton-walker.com,447-086-7957x95084,"3020 Alvarez Ford Suite 410, West Deniseland, NY 54902",Melvinberg,New Hampshire,Angola,15296,2023-12-24
182,Debra,Owens,dustin03@hotmail.com,790.832.2227x8409,"PSC 0774, Box 7311, APO AE 32660",West Kevintown,Nevada,Finland,41859,2020-07-14
183,Nancy,Hall,maciaslinda@hotmail.com,106-025-9335x53360,"18501 Jason Extension Suite 110, Bartlettstad, NE 96301",New Glennfurt,New Mexico,Jordan,60661,2021-06-03
184,Victor,Smith,parkerkayla@schwartz-murray.com,322.980.4040,"6874 Castro Crossing Suite 268, West Scott, MA 70531",Fernandezbury,Minnesota,Northern Mariana Islands,32324,2022-12-28
185,Brittany,Gutierrez,wwillis@flores.com,034.922.9818x57384,"84553 Rogers Inlet, Darlenestad, CO 85985",South Yesenia,Nevada,Chile,71508,2022-06-19
186,Kristi,Herring,jenkinsashley@jefferson-tyler.org,773-208-9143x114,"USNS Jones, FPO AP 95334",Port Karen,Oregon,Saint Vincent and the Grenadines,15615,2021-04-28
187,Lisa,Holmes,schen@yahoo.com,001-402-727-8092x60056,"059 Sandoval Roads, Vargastown, NE 18181",Lake Davidberg,Oregon,Luxembourg,66251,2023-02-11
188,Robert,Garcia,vincentproctor@gmail.com,001-504-533-5021,"34009 Ray Port Suite 733, Carlchester, VA 55842",Henryfurt,North Carolina,Congo,57500,2020-11-02
189,Mark,Miller,belljanet@williams.org,+1-265-591-3156,"4680 Horton Mountain, East Belindaborough, RI 63712",Abbottmouth,Louisiana,Hungary,37887,2023-06-10
190,Wanda,Thompson,robert09@gmail.com,(501)161-2855x55606,"89850 Schmitt Plaza, Gonzalezchester, IL 97242",Lake Angela,Virginia,Vanuatu,64849,2021-08-16
191,Steven,Shaw,hbrowning@hotmail.com,(109)623-5667x566,"51973 Smith Valley, Marisaland, TX 54115",Phamchester,Louisiana,Bosnia and Herzegovina,38965,2020-05-06
192,Audrey,Jones,leonardjoseph@davis-lowe.com,905.394.6860,"260 Vaughn Brook Apt. 900, Port Michaeltown, NV 82788",Hartburgh,Wisconsin,Gibraltar,76385,2020-07-12
193,Jay,Proctor,thaas@bass.net,9956471507,"5873 Howard Road Apt. 623, North John, KY 86859",Lake Taylorland,Iowa,New Zealand,37954,2022-05-27
194,Amanda,Parker,kevinbaker@hotmail.com,001-719-884-4053,"626 Wendy Harbor, New Erica, UT 59240",West Bailey,New Jersey,Dominica,69374,2021-09-13
195,Steven,Bennett,warddustin@wilson.biz,+1-983-388-6852x058,"7389 Charlene Ville Suite 028, Charlesmouth, UT 71798",Boothtown,Massachusetts,Greenland,46892,2023-02-19
196,Heather,King,julie55@montes.com,8462550417,"1202 Jason Bridge Suite 634, East Robert, RI 22170",Reedberg,New Jersey,French Guiana,03171,2020-10-11
197,James,Rice,sloangina@king.info,(360)457-6724,"4753 Dixon Tunnel Apt. 364, Sullivantown, NE 74422",New Chris,New Jersey,American Samoa,17519,2022-04-08
198,Victoria,Maxwell,bennettjose@lucero-smith.com,+1-858-782-2354x917,"7539 Nelson Falls, Garciaport, ID 14069",Lake Annaland,Connecticut,Niue,06446,2021-04-24
199,Paula,Thomas,travis37@gmail.com,001-461-624-1599x585,"90882 Bill Place, South Ericside, IA 78926",Davidstad,North Dakota,Czech Republic,08449,2020-05-07
200,Vincent,Greene,dawnoliver@hotmail.com,396-977-0349,"9225 Cole Street Apt. 064, West Adamstad, OH 59265",Moniqueton,New Mexico,Suriname,73325,2023-02-01
